Date,Source,Model,Scenario,AGRO_ZONE,Tmean,Tmin,Tmax
2015-01,ERA5,ERA5,OBSERVED,ArL,21.746007946942203,11.289367996507924,34.51966427702988
2015-01,ERA5,ERA5,OBSERVED,MH,16.872703655791206,7.736023737961301,28.011256684408128
2015-01,ERA5,ERA5,OBSERVED,ML,23.355296415782085,11.226516416676544,36.58282653381282
2015-01,ERA5,ERA5,OBSERVED,OVERALL,21.51396884789923,10.77244145597182,34.18649629746886
2015-02,ERA5,ERA5,OBSERVED,ArL,24.425744941943996,13.373893360809072,35.51697368642428
2015-02,ERA5,ERA5,OBSERVED,MH,19.0376529266758,9.281435656211427,29.20368347365947
2015-02,ERA5,ERA5,OBSERVED,ML,26.329599757761798,13.843271377901765,37.55109453662001
2015-02,ERA5,ERA5,OBSERVED,OVERALL,24.206798398507427,12.930325730283007,35.20402965709423
2015-03,ERA5,ERA5,OBSERVED,ArL,27.131643596051187,16.99580195979063,38.46334266846818
2015-03,ERA5,ERA5,OBSERVED,MH,20.83773677727576,11.869006402298078,30.40843290248635
2015-03,ERA5,ERA5,OBSERVED,ML,29.20595223205636,18.12050008304198,39.02404744632329
2015-03,ERA5,ERA5,OBSERVED,OVERALL,26.83215537718334,16.59304661873249,37.4974481458344
2015-04,ERA5,ERA5,OBSERVED,ArL,27.95424851098946,17.26254179519548,39.04637377075355
2015-04,ERA5,ERA5,OBSERVED,MH,21.684716988717092,12.533563545226407,31.165248699731023
2015-04,ERA5,ERA5,OBSERVED,ML,30.018729150512726,18.608971948256425,39.941262423182664
2015-04,ERA5,ERA5,OBSERVED,OVERALL,27.652969041135314,16.974823497079264,38.191995919200124
2015-05,ERA5,ERA5,OBSERVED,ArL,30.865620632132934,21.652098260762706,40.20572567236401
2015-05,ERA5,ERA5,OBSERVED,MH,22.50536344267625,14.252514918082936,31.839745890493084
2015-05,ERA5,ERA5,OBSERVED,ML,29.910552955726338,20.857591278182976,40.450291547207804
2015-05,ERA5,ERA5,OBSERVED,OVERALL,29.430598860343277,20.39560717948491,39.103633557400286
2015-06,ERA5,ERA5,OBSERVED,ArL,30.727931747668396,21.571593975978928,40.26231205173175
2015-06,ERA5,ERA5,OBSERVED,MH,22.61658723828778,13.318497383296544,32.375114664764574
2015-06,ERA5,ERA5,OBSERVED,ML,28.532303613709974,19.2039579696388,39.21799753587478
2015-06,ERA5,ERA5,OBSERVED,OVERALL,28.982657974518542,19.77194274088345,38.861543342388906
2015-07,ERA5,ERA5,OBSERVED,ArL,29.94785812666371,21.991392134385002,38.07596513752196
2015-07,ERA5,ERA5,OBSERVED,MH,21.173056012625434,13.597916133271191,29.48013864369886
2015-07,ERA5,ERA5,OBSERVED,ML,26.59960275753098,19.356055527890693,35.82548549834605
2015-07,ERA5,ERA5,OBSERVED,OVERALL,27.787461237374995,20.097953260314096,36.24600099017149
2015-08,ERA5,ERA5,OBSERVED,ArL,28.682594748654466,22.21858203248448,36.692789498626034
2015-08,ERA5,ERA5,OBSERVED,MH,20.276540563419964,14.59688169533651,27.979800323177503
2015-08,ERA5,ERA5,OBSERVED,ML,24.61730888251927,19.10979445182594,32.65945456470326
2015-08,ERA5,ERA5,OBSERVED,OVERALL,26.373164172275253,20.290795318513737,34.346581553995435
2015-09,ERA5,ERA5,OBSERVED,ArL,29.736155274275582,20.95874327330386,39.00173299796272
2015-09,ERA5,ERA5,OBSERVED,MH,21.105222058188758,12.888667194282997,30.304918070056438
2015-09,ERA5,ERA5,OBSERVED,ML,26.154794871117257,17.85300291366308,36.72377823178667
2015-09,ERA5,ERA5,OBSERVED,OVERALL,27.531208029811435,18.97262215373686,37.139971708232515
2015-10,ERA5,ERA5,OBSERVED,ArL,28.89752399064377,20.338954457406277,37.056959445708465
2015-10,ERA5,ERA5,OBSERVED,MH,20.52989957639171,13.21283269228384,28.326733587572054
2015-10,ERA5,ERA5,OBSERVED,ML,28.20153230265526,19.640103239506765,36.958157051291245
2015-10,ERA5,ERA5,OBSERVED,OVERALL,27.532841238040806,19.147668312050424,35.8079106843192
2015-11,ERA5,ERA5,OBSERVED,ArL,26.19539621254706,18.14235694563233,34.974750013481085
2015-11,ERA5,ERA5,OBSERVED,MH,19.217693849114927,12.063856754743506,27.271744367158835
2015-11,ERA5,ERA5,OBSERVED,ML,27.464412504252806,18.2789199572711,35.792830136097756
2015-11,ERA5,ERA5,OBSERVED,OVERALL,25.57506826934239,17.331482064566153,34.12724152933695
2015-12,ERA5,ERA5,OBSERVED,ArL,22.479299191712823,13.649319926268777,33.545180113903676
2015-12,ERA5,ERA5,OBSERVED,MH,17.74178051946825,10.734444371462612,26.16472299676611
2015-12,ERA5,ERA5,OBSERVED,ML,24.226458337523255,13.885309148763957,34.72737325661662
2015-12,ERA5,ERA5,OBSERVED,OVERALL,22.301071720199833,13.299469863883841,32.84088170364475
2016-01,ERA5,ERA5,OBSERVED,ArL,21.7280172250825,10.769099785916831,31.505042144492936
2016-01,ERA5,ERA5,OBSERVED,MH,17.63368236945159,8.639911060780374,26.48877171441437
2016-01,ERA5,ERA5,OBSERVED,ML,23.645220083412692,11.464455009469347,34.40550995905733
2016-01,ERA5,ERA5,OBSERVED,OVERALL,21.688327404284507,10.66121802038971,31.617179352782816
2016-02,ERA5,ERA5,OBSERVED,ArL,23.70999179944214,13.924446086973504,35.77125063320133
2016-02,ERA5,ERA5,OBSERVED,MH,19.103197645644407,10.865218065742123,29.497450575355483
2016-02,ERA5,ERA5,OBSERVED,ML,26.3064112108276,14.393926732031,39.20224081246418
2016-02,ERA5,ERA5,OBSERVED,OVERALL,23.790137328428624,13.624448834484848,35.85467994169918
2016-03,ERA5,ERA5,OBSERVED,ArL,27.88395797229922,16.68813496395549,40.277803574644444
2016-03,ERA5,ERA5,OBSERVED,MH,22.252796342771717,12.622165880350932,32.31582301489347
2016-03,ERA5,ERA5,OBSERVED,ML,30.05190560753879,16.946522137387053,41.13039328718694
2016-03,ERA5,ERA5,OBSERVED,OVERALL,27.703505742723447,16.195143003432822,39.411277677410844
2016-04,ERA5,ERA5,OBSERVED,ArL,28.65662575592518,17.933317222220367,37.86309485214189
2016-04,ERA5,ERA5,OBSERVED,MH,21.498234458959075,12.916776767608983,30.44406742597162
2016-04,ERA5,ERA5,OBSERVED,ML,30.43199922630444,19.580744144613266,39.98057860153008
2016-04,ERA5,ERA5,OBSERVED,OVERALL,28.155172622064054,17.690990521187054,37.42601629736091
2016-05,ERA5,ERA5,OBSERVED,ArL,30.40662407187861,21.679199865751176,39.48159368309486
2016-05,ERA5,ERA5,OBSERVED,MH,21.844241094431776,13.961213542858072,30.793466998891304
2016-05,ERA5,ERA5,OBSERVED,ML,29.380544576585226,20.699654534961933,38.770908931344984
2016-05,ERA5,ERA5,OBSERVED,OVERALL,28.926876063494017,20.333691084865457,38.06922855855231
2016-06,ERA5,ERA5,OBSERVED,ArL,30.839774266940097,22.26552002459365,40.470047695387855
2016-06,ERA5,ERA5,OBSERVED,MH,22.352137220087005,14.14762947063384,32.13780001767437
2016-06,ERA5,ERA5,OBSERVED,ML,28.012811826283848,19.66967472819767,39.793980558700355
2016-06,ERA5,ERA5,OBSERVED,OVERALL,28.86511179982355,20.415525606384584,39.112766386416304
2016-07,ERA5,ERA5,OBSERVED,ArL,27.15342856375753,21.034622567199737,36.76085310709911
2016-07,ERA5,ERA5,OBSERVED,MH,19.65490533643298,14.700635945307202,27.68769749592831
2016-07,ERA5,ERA5,OBSERVED,ML,23.81981379296475,18.346238847374206,33.89643163514112
2016-07,ERA5,ERA5,OBSERVED,OVERALL,25.17429875513688,19.39975192033784,34.68864660210361
2016-08,ERA5,ERA5,OBSERVED,ArL,26.425821499588285,20.856274835168087,34.247248706580486
2016-08,ERA5,ERA5,OBSERVED,MH,19.269896952955538,13.857981333267787,26.607251480481345
2016-08,ERA5,ERA5,OBSERVED,ML,23.180077498983984,18.207985312462945,30.086048159871954
2016-08,ERA5,ERA5,OBSERVED,OVERALL,24.521157151849177,19.144888343714083,32.02451883701015
2016-09,ERA5,ERA5,OBSERVED,ArL,28.988462598151163,21.395578534469283,37.421778756334504
2016-09,ERA5,ERA5,OBSERVED,MH,20.236544489135785,12.705609595182723,28.244307130843815
2016-09,ERA5,ERA5,OBSERVED,ML,25.29562165308168,18.21053244520649,34.212836566511115
2016-09,ERA5,ERA5,OBSERVED,OVERALL,26.74072328192955,19.304261191348104,35.24329018601976
2016-10,ERA5,ERA5,OBSERVED,ArL,28.197784170940388,19.018436999874478,36.34904504390389
2016-10,ERA5,ERA5,OBSERVED,MH,19.419133529911047,11.662850602388138,27.24531241988511
2016-10,ERA5,ERA5,OBSERVED,ML,27.208311574371194,17.946941239525014,35.73463343901842
2016-10,ERA5,ERA5,OBSERVED,OVERALL,26.700038650441716,17.700032964351465,34.90752332088146
2016-11,ERA5,ERA5,OBSERVED,ArL,25.494005669750113,16.052462143397726,34.92349220418489
2016-11,ERA5,ERA5,OBSERVED,MH,18.373548353064496,9.719475710568348,26.932494279874515
2016-11,ERA5,ERA5,OBSERVED,ML,26.195285499274053,14.513721716223111,35.4595370006228
2016-11,ERA5,ERA5,OBSERVED,OVERALL,24.697865354437273,14.742742508347302,33.96131346458883
2016-12,ERA5,ERA5,OBSERVED,ArL,23.61333156417571,14.90369120656731,34.208314519794705
2016-12,ERA5,ERA5,OBSERVED,MH,17.748723147657984,9.290143108409183,27.16392897087939
2016-12,ERA5,ERA5,OBSERVED,ML,25.2191040819405,14.687173410992068,35.787286501231264
2016-12,ERA5,ERA5,OBSERVED,OVERALL,23.244065603854295,14.063427283200813,33.66683083861895
2017-01,ERA5,ERA5,OBSERVED,ArL,23.307945807212192,13.635356845822123,34.36910696880798
2017-01,ERA5,ERA5,OBSERVED,MH,17.721713727890513,7.95925318573848,28.199225387659066
2017-01,ERA5,ERA5,OBSERVED,ML,24.961712792825253,13.343576953580802,36.695497567211376
2017-01,ERA5,ERA5,OBSERVED,OVERALL,22.99152527211822,12.764350426001748,34.15942435804989
2017-02,ERA5,ERA5,OBSERVED,ArL,22.556865242028508,13.103507181566437,33.05981422618938
2017-02,ERA5,ERA5,OBSERVED,MH,18.42618794129391,10.281851026292376,27.545278897931787
2017-02,ERA5,ERA5,OBSERVED,ML,24.861386222591385,13.730039786090641,36.29021209859243
2017-02,ERA5,ERA5,OBSERVED,OVERALL,22.620885992789802,12.878090321182437,33.195475870886526
2017-03,ERA5,ERA5,OBSERVED,ArL,26.16252160094694,16.04562884365807,36.48735287018436
2017-03,ERA5,ERA5,OBSERVED,MH,20.642550105586952,11.502801033906323,30.044641181253553
2017-03,ERA5,ERA5,OBSERVED,ML,28.23194601748974,16.216091339574245,38.43524396542494
2017-03,ERA5,ERA5,OBSERVED,OVERALL,25.96984211979385,15.4605379773483,36.13584617960219
2017-04,ERA5,ERA5,OBSERVED,ArL,29.24682023104514,19.1303119753259,39.61478272593934
2017-04,ERA5,ERA5,OBSERVED,MH,22.01520289336476,13.398666917167239,31.393654094795362
2017-04,ERA5,ERA5,OBSERVED,ML,30.52242172259316,20.37339082947131,40.09555546087318
2017-04,ERA5,ERA5,OBSERVED,OVERALL,28.59316844886551,18.674690953043267,38.602331605385935
2017-05,ERA5,ERA5,OBSERVED,ArL,29.348576017115995,19.55534313054336,39.06278016898138
2017-05,ERA5,ERA5,OBSERVED,MH,21.192618957424855,12.86428461549152,30.0262043834403
2017-05,ERA5,ERA5,OBSERVED,ML,28.078898439044472,18.67073635889183,39.4533325522923
2017-05,ERA5,ERA5,OBSERVED,OVERALL,27.856253756791197,18.38564831207264,37.908334905428674
2017-06,ERA5,ERA5,OBSERVED,ArL,31.094784999304196,22.680225405124045,39.06078804898997
2017-06,ERA5,ERA5,OBSERVED,MH,22.588180159512422,14.42994505241561,30.887421450958495
2017-06,ERA5,ERA5,OBSERVED,ML,27.947484174413123,19.9608227571111,36.66240517401505
2017-06,ERA5,ERA5,OBSERVED,OVERALL,29.028557632841036,20.77676674534708,37.250701086673374
2017-07,ERA5,ERA5,OBSERVED,ArL,29.365852687393524,22.606873757764948,37.56351655937238
2017-07,ERA5,ERA5,OBSERVED,MH,20.70954032201015,14.728872374062863,28.66116186121677
2017-07,ERA5,ERA5,OBSERVED,ML,25.60378900708181,19.67254228019934,34.68371864915314
2017-07,ERA5,ERA5,OBSERVED,OVERALL,27.10489162054102,20.690883542558293,35.510812211232135
2017-08,ERA5,ERA5,OBSERVED,ArL,27.792478278049018,21.676059368064085,34.893832050209426
2017-08,ERA5,ERA5,OBSERVED,MH,19.812097165362783,14.799100564666812,26.14518224780367
2017-08,ERA5,ERA5,OBSERVED,ML,24.1955038137854,18.982234734231394,31.07361916220453
2017-08,ERA5,ERA5,OBSERVED,OVERALL,25.67472027301243,19.964589425491244,32.61061927370819
2017-09,ERA5,ERA5,OBSERVED,ArL,28.841710022280346,21.10377620035424,37.73336471352199
2017-09,ERA5,ERA5,OBSERVED,MH,20.437990259155654,12.975670402110467,28.590811680811196
2017-09,ERA5,ERA5,OBSERVED,ML,25.474901284798364,18.58740680173785,35.43281397531307
2017-09,ERA5,ERA5,OBSERVED,OVERALL,26.730547249124914,19.27321718005557,35.80787048635513
2017-10,ERA5,ERA5,OBSERVED,ArL,28.29522713974055,19.810719455085653,36.27161469648357
2017-10,ERA5,ERA5,OBSERVED,MH,20.038676285251,12.42625338169401,27.597777572089385
2017-10,ERA5,ERA5,OBSERVED,ML,28.165268187859926,18.9183574609745,36.57062736448918
2017-10,ERA5,ERA5,OBSERVED,OVERALL,27.108746053070067,18.533774559325003,35.145241062550355
2017-11,ERA5,ERA5,OBSERVED,ArL,25.70108330354644,16.619869939986923,34.39245337115875
2017-11,ERA5,ERA5,OBSERVED,MH,18.782021013842535,10.478761593089718,27.076487661849544
2017-11,ERA5,ERA5,OBSERVED,ML,26.927836553857762,16.725773727790866,35.89133510985763
2017-11,ERA5,ERA5,OBSERVED,OVERALL,25.079337105439254,15.802169408560074,33.789237376687005
2017-12,ERA5,ERA5,OBSERVED,ArL,23.25256868691027,13.804452429525835,32.66463151335941
2017-12,ERA5,ERA5,OBSERVED,MH,16.92754512479162,7.904534929927378,26.325199386349894
2017-12,ERA5,ERA5,OBSERVED,ML,25.043048218363502,13.55004488790326,35.00086486211044
2017-12,ERA5,ERA5,OBSERVED,OVERALL,22.87110203923698,12.911678003228943,32.43361068275869
2018-01,ERA5,ERA5,OBSERVED,ArL,21.317888112408667,12.319204530573437,31.91853127289137
2018-01,ERA5,ERA5,OBSERVED,MH,16.805404264261263,7.755054807601119,25.960197260783797
2018-01,ERA5,ERA5,OBSERVED,ML,23.330463188871068,12.608071931818957,34.432379191698
2018-01,ERA5,ERA5,OBSERVED,OVERALL,21.249464757197163,11.760385394983631,31.792514240100996
2018-02,ERA5,ERA5,OBSERVED,ArL,24.923796537863154,13.954649880319367,37.020192675121216
2018-02,ERA5,ERA5,OBSERVED,MH,19.008379253718594,9.217124965493863,29.431690774823068
2018-02,ERA5,ERA5,OBSERVED,ML,26.949134613490116,14.207968400668083,38.04721465174214
2018-02,ERA5,ERA5,OBSERVED,OVERALL,24.66680480438058,13.362460245115006,36.25442678560229
2018-03,ERA5,ERA5,OBSERVED,ArL,26.495822928292828,14.644145833254754,38.082126296228374
2018-03,ERA5,ERA5,OBSERVED,MH,19.895941397727157,9.179504560304473,30.22977472600119
2018-03,ERA5,ERA5,OBSERVED,ML,28.211075982388316,14.402263760472117,39.10779949637812
2018-03,ERA5,ERA5,OBSERVED,OVERALL,26.05546253435897,13.819196202101738,37.274386210512276
2018-04,ERA5,ERA5,OBSERVED,ArL,27.982575515370996,18.529413900021662,36.759801320147275
2018-04,ERA5,ERA5,OBSERVED,MH,20.589475834536387,12.613485166999956,29.1882065357835
2018-04,ERA5,ERA5,OBSERVED,ML,29.448277593003596,18.400316411377784,38.44199016949404
2018-04,ERA5,ERA5,OBSERVED,OVERALL,27.35967438777954,17.669533149760703,36.17268802503825
2018-05,ERA5,ERA5,OBSERVED,ArL,30.502505012782006,20.142091240038084,40.25626585499417
2018-05,ERA5,ERA5,OBSERVED,MH,22.55047351846425,13.69333498495879,31.390099173101124
2018-05,ERA5,ERA5,OBSERVED,ML,30.057219296177788,19.41350840796665,40.79230111263462
2018-05,ERA5,ERA5,OBSERVED,OVERALL,29.268770779293032,19.039237850984943,39.1663635396439
2018-06,ERA5,ERA5,OBSERVED,ArL,30.102911417750715,22.23071120689668,38.06475557945879
2018-06,ERA5,ERA5,OBSERVED,MH,21.590261168365792,14.14500889734832,30.231587707318933
2018-06,ERA5,ERA5,OBSERVED,ML,27.20345058933569,19.794542630528323,36.922300978385756
2018-06,ERA5,ERA5,OBSERVED,OVERALL,28.1019944299061,20.425116965473283,36.65351283496236
2018-07,ERA5,ERA5,OBSERVED,ArL,27.684020074069068,20.660532978172597,36.26980669077641
2018-07,ERA5,ERA5,OBSERVED,MH,19.449728350506657,13.786510132089376,26.828063911521824
2018-07,ERA5,ERA5,OBSERVED,ML,24.3961695596227,18.442264856540998,32.55871570849781
2018-07,ERA5,ERA5,OBSERVED,OVERALL,25.614687063361917,19.082845066826298,33.90999237108872
2018-08,ERA5,ERA5,OBSERVED,ArL,26.00330720941705,20.69453354865698,33.14213421204048
2018-08,ERA5,ERA5,OBSERVED,MH,19.1432102661134,13.899499880616919,25.665244133049075
2018-08,ERA5,ERA5,OBSERVED,ML,22.736334291359245,18.103764155954273,29.240702104779913
2018-08,ERA5,ERA5,OBSERVED,OVERALL,24.13075390505444,19.0246393155907,31.007068280588598
2018-09,ERA5,ERA5,OBSERVED,ArL,27.84534123308806,19.829462460643295,37.18498665631354
2018-09,ERA5,ERA5,OBSERVED,MH,19.901239955850688,12.540749117004344,27.77616845579588
2018-09,ERA5,ERA5,OBSERVED,ML,24.05527998483016,16.480060681195056,34.25602362331188
2018-09,ERA5,ERA5,OBSERVED,OVERALL,25.680522579021417,17.88318487462751,35.04922258434921
2018-10,ERA5,ERA5,OBSERVED,ArL,27.739789718517432,19.288798447275152,35.95403918306569
2018-10,ERA5,ERA5,OBSERVED,MH,19.302345329628057,12.108576619399294,27.03940844476846
2018-10,ERA5,ERA5,OBSERVED,ML,26.443541380923136,17.133207931251462,35.15200029869482
2018-10,ERA5,ERA5,OBSERVED,OVERALL,26.200272811639092,17.687515575014938,34.4860228264233
2018-11,ERA5,ERA5,OBSERVED,ArL,25.80480031365213,17.371182719931074,34.2489416287894
2018-11,ERA5,ERA5,OBSERVED,MH,18.536800665545133,10.3395997903265,26.49923284837672
2018-11,ERA5,ERA5,OBSERVED,ML,26.351412553368576,16.913561914860136,34.7644258083847
2018-11,ERA5,ERA5,OBSERVED,OVERALL,24.942663341234034,16.270747014860987,33.30622918841915
2018-12,ERA5,ERA5,OBSERVED,ArL,23.556300785684737,15.802933754834584,33.37181567232346
2018-12,ERA5,ERA5,OBSERVED,MH,17.837837977950695,10.29783741911643,26.092546156114544
2018-12,ERA5,ERA5,OBSERVED,ML,25.12671622906144,15.5183764552291,34.7613520216525
2018-12,ERA5,ERA5,OBSERVED,OVERALL,23.19453157188061,14.952634717421288,32.74417475309388
2019-01,ERA5,ERA5,OBSERVED,ArL,24.018661130400073,14.230949943536851,35.28666759443955
2019-01,ERA5,ERA5,OBSERVED,MH,18.653011719277647,9.002943820588788,28.52545229777593
2019-01,ERA5,ERA5,OBSERVED,ML,25.728234989781193,13.733511099353539,36.81949266075397
2019-01,ERA5,ERA5,OBSERVED,OVERALL,23.746466445339525,13.36763559619359,34.76986800243419
2019-02,ERA5,ERA5,OBSERVED,ArL,24.09514238286224,12.698779885971899,36.29512240667696
2019-02,ERA5,ERA5,OBSERVED,MH,19.339705363940357,9.246327410485877,29.8228053719638
2019-02,ERA5,ERA5,OBSERVED,ML,26.29637651414975,13.283957051618785,37.97751616541402
2019-02,ERA5,ERA5,OBSERVED,OVERALL,24.04425204657602,12.375410484743115,35.85962293639415
2019-03,ERA5,ERA5,OBSERVED,ArL,25.0712045687707,14.068071936791716,37.39933210920239
2019-03,ERA5,ERA5,OBSERVED,MH,20.62555967292973,10.0777683680079,31.054623212864655
2019-03,ERA5,ERA5,OBSERVED,ML,27.42020258041032,14.359585611884203,39.15220994377365
2019-03,ERA5,ERA5,OBSERVED,OVERALL,25.105871219308334,13.591591919470677,37.007572688372335
2019-04,ERA5,ERA5,OBSERVED,ArL,28.33385062668511,16.967151669627615,38.641338285413745
2019-04,ERA5,ERA5,OBSERVED,MH,21.886352950509362,12.75036208323777,30.606845668756105
2019-04,ERA5,ERA5,OBSERVED,ML,30.245478473173204,17.55857171680711,39.79767966200346
2019-04,ERA5,ERA5,OBSERVED,OVERALL,27.967756327868607,16.544081117629354,37.84591696853615
2019-05,ERA5,ERA5,OBSERVED,ArL,30.544502649445924,21.73722207177165,40.27092714999383
2019-05,ERA5,ERA5,OBSERVED,MH,22.43673637032446,14.52123800198027,31.77418762647861
2019-05,ERA5,ERA5,OBSERVED,ML,30.79661146132377,21.19831489945791,41.02548849668921
2019-05,ERA5,ERA5,OBSERVED,OVERALL,29.480814251150157,20.574916163516342,39.29157713240994
2019-06,ERA5,ERA5,OBSERVED,ArL,29.0726613974571,22.156087322394495,37.56305924246414
2019-06,ERA5,ERA5,OBSERVED,MH,21.007509716449235,13.941752225784969,29.811747520492318
2019-06,ERA5,ERA5,OBSERVED,ML,25.502886148409015,19.600272973504595,35.5165986909277
2019-06,ERA5,ERA5,OBSERVED,OVERALL,26.947094998122182,20.303992747343706,35.890785564658316
2019-07,ERA5,ERA5,OBSERVED,ArL,28.942019053840582,21.900164720894804,36.82494511620851
2019-07,ERA5,ERA5,OBSERVED,MH,20.019328996931804,14.453418909011365,26.78737650820877
2019-07,ERA5,ERA5,OBSERVED,ML,25.013348550797836,18.827521955563537,32.71809023453172
2019-07,ERA5,ERA5,OBSERVED,OVERALL,26.599851124133444,20.00504670662322,34.269529598786924
2019-08,ERA5,ERA5,OBSERVED,ArL,25.497131995070298,20.110690054329872,34.4949698761704
2019-08,ERA5,ERA5,OBSERVED,MH,19.015198153427786,13.464923193900006,26.363433065910233
2019-08,ERA5,ERA5,OBSERVED,ML,22.77066352915365,17.654918293012607,30.99783310203597
2019-08,ERA5,ERA5,OBSERVED,OVERALL,23.827468034727328,18.49903635249125,32.38849607797951
2019-09,ERA5,ERA5,OBSERVED,ArL,27.863348371990508,21.072794227142946,36.35522949291579
2019-09,ERA5,ERA5,OBSERVED,MH,19.89871830279362,12.785566695851573,27.629478189431932
2019-09,ERA5,ERA5,OBSERVED,ML,24.163522152001953,17.83973629963716,32.43336449105656
2019-09,ERA5,ERA5,OBSERVED,OVERALL,25.72110045173533,19.02547542649447,34.03789608701047
2019-10,ERA5,ERA5,OBSERVED,ArL,27.043049655435233,18.960492672535914,35.53086262387486
2019-10,ERA5,ERA5,OBSERVED,MH,18.768980969623033,11.900504956502399,26.51594836740963
2019-10,ERA5,ERA5,OBSERVED,ML,24.675281452857618,17.35504282182405,33.57545438003096
2019-10,ERA5,ERA5,OBSERVED,OVERALL,25.22736509945158,17.529068579164665,33.72340336782794
2019-11,ERA5,ERA5,OBSERVED,ArL,26.214459779355334,18.616380794182597,34.559663686442065
2019-11,ERA5,ERA5,OBSERVED,MH,18.93184812774901,12.083962655015908,26.52839902520294
2019-11,ERA5,ERA5,OBSERVED,ML,26.399136313056758,17.564677758233533,34.70426380455704
2019-11,ERA5,ERA5,OBSERVED,OVERALL,25.24869052921202,17.41060477889354,33.47407747503013
2019-12,ERA5,ERA5,OBSERVED,ArL,23.295551644627338,14.855074866936919,31.816082515585574
2019-12,ERA5,ERA5,OBSERVED,MH,17.780057209892536,9.470504241513108,25.166485921442174
2019-12,ERA5,ERA5,OBSERVED,ML,24.57043479842377,12.901809843012153,33.90879239699946
2019-12,ERA5,ERA5,OBSERVED,OVERALL,22.87987933201708,13.560173645596699,31.46887245607206
2020-01,ERA5,ERA5,OBSERVED,ArL,20.777797600352343,10.452400415818493,32.20267070693781
2020-01,ERA5,ERA5,OBSERVED,MH,16.681068790987233,6.645178443335239,26.559747630557275
2020-01,ERA5,ERA5,OBSERVED,ML,22.533175509790944,10.106351447978964,35.020550073114016
2020-01,ERA5,ERA5,OBSERVED,OVERALL,20.692560139206634,9.818663771391305,32.201798882205594
2020-02,ERA5,ERA5,OBSERVED,ArL,23.003521109364694,11.594227800421802,33.993286617543376
2020-02,ERA5,ERA5,OBSERVED,MH,18.850038975360786,8.916032337076228,28.52661511556736
2020-02,ERA5,ERA5,OBSERVED,ML,25.17901394779757,11.441340012611557,36.823172160163146
2020-02,ERA5,ERA5,OBSERVED,OVERALL,23.02741769546563,11.169023233209433,34.021765192916746
2020-03,ERA5,ERA5,OBSERVED,ArL,25.73073261244719,15.400774067109042,38.81695545215837
2020-03,ERA5,ERA5,OBSERVED,MH,20.52658065643735,11.32864516632502,31.351039291684067
2020-03,ERA5,ERA5,OBSERVED,ML,27.59066104646877,15.736151464900704,39.613567557585334
2020-03,ERA5,ERA5,OBSERVED,OVERALL,25.523727331161997,14.928251230002404,37.996598003585994
2020-04,ERA5,ERA5,OBSERVED,ArL,28.352672260471138,17.268931738653,39.22459519419951
2020-04,ERA5,ERA5,OBSERVED,MH,22.1318853702576,12.351610901021466,31.631123604538143
2020-04,ERA5,ERA5,OBSERVED,ML,30.22062417836872,17.176579144009327,40.329703999789814
2020-04,ERA5,ERA5,OBSERVED,OVERALL,28.004400798286856,16.557666751480042,38.4713775068299
2020-05,ERA5,ERA5,OBSERVED,ArL,30.413661031872564,20.717827440593602,40.187466598308994
2020-05,ERA5,ERA5,OBSERVED,MH,22.236270135120485,13.684291054750663,31.691237992318946
2020-05,ERA5,ERA5,OBSERVED,ML,29.843128982184794,19.691123916821795,40.36904729747447
2020-05,ERA5,ERA5,OBSERVED,OVERALL,29.111794895948048,19.456695292432844,39.04774156155809
2020-06,ERA5,ERA5,OBSERVED,ArL,31.10385493319193,22.60059278683535,39.224093512814974
2020-06,ERA5,ERA5,OBSERVED,MH,22.86185225688851,14.785160193184707,31.066121746505715
2020-06,ERA5,ERA5,OBSERVED,ML,28.997814047830378,20.615742551431882,37.48514111264032
2020-06,ERA5,ERA5,OBSERVED,OVERALL,29.364854454071992,20.96015413786588,37.5952919612524
2020-07,ERA5,ERA5,OBSERVED,ArL,28.79405611745526,21.36886455872012,37.68141426303586
2020-07,ERA5,ERA5,OBSERVED,MH,20.337792638762622,14.646235093690173,29.167203062090675
2020-07,ERA5,ERA5,OBSERVED,ML,25.844206554258612,19.127930036119686,35.811285188868595
2020-07,ERA5,ERA5,OBSERVED,OVERALL,26.78709207448273,19.8013925032179,35.96694168985071
2020-08,ERA5,ERA5,OBSERVED,ArL,25.913058089307288,20.417480679389534,33.457881462826755
2020-08,ERA5,ERA5,OBSERVED,MH,19.111175304530853,14.132492329531747,26.25859486118195
2020-08,ERA5,ERA5,OBSERVED,ML,22.754864538559428,17.81786564581034,29.123880264478096
2020-08,ERA5,ERA5,OBSERVED,OVERALL,24.078792896822353,18.81012010917883,31.24708910105598
2020-09,ERA5,ERA5,OBSERVED,ArL,28.577866386293408,20.700859527596666,37.493421734150864
2020-09,ERA5,ERA5,OBSERVED,MH,20.222308649770852,12.154862133349837,28.377389556723752
2020-09,ERA5,ERA5,OBSERVED,ML,24.571657719329604,17.729813293314567,34.35942830498609
2020-09,ERA5,ERA5,OBSERVED,OVERALL,26.294924186327734,18.68587059556126,35.33621720129806
2020-10,ERA5,ERA5,OBSERVED,ArL,27.946841286817136,18.52182038960624,36.65169710639215
2020-10,ERA5,ERA5,OBSERVED,MH,19.508480315612655,11.143567061228365,27.861273512367198
2020-10,ERA5,ERA5,OBSERVED,ML,26.276026915259493,16.152830019653734,35.133164818139505
2020-10,ERA5,ERA5,OBSERVED,OVERALL,26.302376282303058,16.831783500409127,34.99495637296862
2020-11,ERA5,ERA5,OBSERVED,ArL,25.46828193660389,15.915872890526842,34.48440057682695
2020-11,ERA5,ERA5,OBSERVED,MH,18.63715695111321,10.119039385356519,26.761776622926984
2020-11,ERA5,ERA5,OBSERVED,ML,26.02366336968315,15.533239010751856,34.68831714857143
2020-11,ERA5,ERA5,OBSERVED,OVERALL,24.66844095783212,14.99816573101704,33.46079422225351
2020-12,ERA5,ERA5,OBSERVED,ArL,23.702856040502265,14.750630034646274,32.55880014421413
2020-12,ERA5,ERA5,OBSERVED,MH,17.963932925061783,10.087784235960665,26.578331014242032
2020-12,ERA5,ERA5,OBSERVED,ML,25.20321363237761,15.31488054415725,34.48490659270854
2020-12,ERA5,ERA5,OBSERVED,OVERALL,23.318871343988057,14.252853947439231,32.26107775255843
